Day,RFU,stdev
0,8.21733,0.118119995
3,13.43667,0.158850034
5,29.59667,0.802142963
7,54.38333,1.773847043
10,129.13333,1.686218649
12,195.96667,4.725815626
14,311.06667,4.954122862