,X,accession,Description,logFC,logCPM,F,PValue,FDR,B12_4_1_A,B12_4_2_B,B12_4_3_B,noB12_4_1_A,noB12_4_2_B,B12_12_1_B,B12_12_3_A,noB12_12_2_B,noB12_12_3_A,heatmap_rowname
1,1,OEU11144.1,MetE,-5.279427658,11.13367701,84.06341024,3.85E-06,0.005222235,0.762525134,3.81714984,1.983933615,54.01379533,128.2284114,1.410743839,1.957977499,126.3224703,48.98359952,MetE
2,2,OEU10229.1,protoporphyrin IX Mg-chelatase subunit D ,-1.982021351,8.556569124,17.97586356,0.001678182,0.833489378,1.459639088,1.8270081,2.474645034,5.07067153,11.26222429,1.728258099,2.172750802,11.3053603,7.341437526,protoporphyrin IX Mg-chelatase subunit D 
3,3,OEU11214.1,CBA1,-2.441127604,9.369180238,17.62007336,0.001842644,0.833489378,1.428014506,3.652507199,3.710434617,20.20966435,13.6361327,3.627843196,1.275405553,15.561608,28.74871515,CBA1
4,4,OEU18387.1,P-ATPase family transporter: zinc/lead/cadmium/mercury ion ,-1.21189564,9.7739918,15.05875001,0.002998205,0.999940036,6.655768536,8.576586766,8.630413854,14.58863933,23.54838959,6.831010816,9.530039904,28.09503772,21.56718446,P-ATPase family transporter
5,5,OEU08987.1,T-complex protein 1 subunit gamma ,-1.011895831,10.29144153,11.81660488,0.00626436,0.999940036,19.09078115,13.0020769,12.21143334,24.48135976,36.79434991,14.25443978,20.38078205,26.39135166,22.83551364,T-complex protein 1 subunit gamma 
6,6,OEU18337.1,P-loop containing nucleoside triphosphate hydrolase protein ,-1.796337718,10.34890028,10.95882389,0.008014145,0.999940036,15.25603351,13.99423618,13.06739742,85.73071132,16.91039666,14.04013978,10.77665267,10.84051464,16.61845607,Nucleoside Triphosphate Hydrolase 
7,7,OEU09871.1,ribosomal protein S12 ,-1.436160446,11.11120744,10.31447037,0.009461354,0.999940036,27.60015555,30.68968486,28.90686472,134.1600418,30.33784695,24.87648136,24.65058408,26.55162964,19.81504829,Ribosomal Protein S12 